0.0,-0.0,0.0,0.0,0.0,0.0,62.0,85.0,0.0,20.0,3.0,7.0,1.0,211.0,-0.0,0.0,1.0,2.0,0.0,0.0,7.0,-0.0,6.0,-0.0,0.0,-27.0,2.0,-3.0,100.0,90.0,0.0,4.0,14.0,15.0,-2.0,-0.0,-3.0,20.0,0.0,-1.0,0.0,0.0,-1.0,-0.0,-0.0,-0.0,0.0,0.0,-0.0,0.0,-0.0,-0.0,0.0,0.0,0.0,-0.0,1.0,-0.0,0.0,-0.0,0.0,0.0,0.0,-0.0,0.0,0.0,0.0,0.0,0.0,0.0,-0.0,0.0,-0.0,-0.0,-0.0,2.0,-0.0,0.0,0.0,0.0,0.0,0.0,0.0,-0.0
-0.0,0.0,-0.0,-0.0,-0.0,-0.0,-0.0,-0.0,-0.0,-2.0,0.0,-0.0,8.0,-0.0,0.0,2.0,4.0,-1.0,2.0,-0.0,0.0,3.0,1.0,4.0,14.0,50.0,64.0,-2.0,4.0,0.0,-2.0,-2.0,0.0,0.0,-1.0,2.0,0.0,1.0,1.0,-2.0,0.0,0.0,5.0,2.0,0.0,0.0,0.0,0.0,0.0,0.0,6.0,-1.0,-0.0,0.0,-0.0,-0.0,-4.0,0.0,-2.0,3.0,-1.0,9.0,-0.0,1.0,0.0,0.0,0.0,0.0,-0.0,2.0,0.0,0.0,4.0,4.0,10.0,93.0,-9.0,0.0,0.0,-4.0,1.0,0.0,0.0,-0.0
0.0,-0.0,0.0,-0.0,-0.0,-2.0,105.0,24.0,0.0,-27.0,-4.0,-7.0,-24.0,13.0,0.0,-3.0,70.0,39.0,30.0,-0.0,-233.0,-0.0,563.0,3.0,-2.0,428.0,518.0,40.0,-65.0,21.0,15.0,-12.0,-0.0,-26.0,-2.0,98.0,35.0,49.0,40.0,-6.0,-3.0,-20.0,14.0,3.0,1.0,1.0,-0.0,-0.0,0.0,-1.0,-0.0,37.0,-1.0,-1.0,-2.0,5.0,-8.0,1.0,-3.0,-14.0,-0.0,-10.0,-0.0,-0.0,-0.0,-1.0,0.0,-8.0,-3.0,-5.0,-0.0,-10.0,1.0,-3.0,-159.0,92.0,-6.0,-1.0,-1.0,-12.0,-1.0,-0.0,-1.0,2.0
0.0,-0.0,-0.0,0.0,-7.0,37.0,7.0,-34.0,19.0,83.0,-16.0,83.0,13.0,18.0,8.0,0.0,-1.0,-15.0,-4.0,44.0,9.0,2.0,4.0,61.0,-4.0,-17.0,-20.0,98.0,4.0,-0.0,4.0,-39.0,0.0,-2.0,-69.0,-21.0,-5.0,-8.0,-4.0,-27.0,-2.0,-5.0,-17.0,-0.0,-0.0,-6.0,-5.0,-0.0,-0.0,0.0,-1.0,-2.0,17.0,-1.0,10.0,14.0,-54.0,5.0,98.0,-9.0,22.0,7.0,14.0,-7.0,1.0,-0.0,-12.0,-3.0,57.0,10.0,1.0,5.0,34.0,-0.0,-19.0,-26.0,143.0,3.0,-1.0,-6.0,3.0,0.0,-3.0,-39.0
0.0,-0.0,-0.0,-7.0,0.0,8.0,2.0,12.0,0.0,-12.0,12.0,-15.0,4.0,13.0,12.0,-0.0,-2.0,5.0,2.0,-1.0,-4.0,-0.0,-1.0,-4.0,0.0,-4.0,-3.0,-25.0,11.0,-1.0,1.0,40.0,0.0,9.0,22.0,13.0,-2.0,6.0,5.0,43.0,4.0,1.0,-5.0,-0.0,0.0,0.0,3.0,1.0,0.0,-0.0,-0.0,-0.0,-0.0,3.0,3.0,-4.0,19.0,0.0,-15.0,3.0,-5.0,3.0,4.0,3.0,-0.0,-0.0,3.0,3.0,-8.0,-5.0,-0.0,-0.0,-2.0,-0.0,-2.0,-3.0,-8.0,5.0,-0.0,1.0,4.0,-0.0,0.0,4.0
0.0,-0.0,-2.0,37.0,8.0,0.0,-87.0,402.0,-4.0,731.0,11.0,103.0,8.0,154.0,76.0,-2.0,-7.0,-9.0,-8.0,32.0,13.0,-1.0,15.0,-22.0,-2.0,-13.0,-13.0,88.0,13.0,-1.0,-3.0,147.0,0.0,-3.0,-401.0,-20.0,-2.0,-9.0,-5.0,106.0,5.0,-3.0,-5.0,-2.0,-0.0,-0.0,5.0,0.0,-1.0,-0.0,-0.0,-0.0,1.0,2.0,21.0,-4.0,69.0,-9.0,84.0,-4.0,49.0,-6.0,7.0,20.0,1.0,-0.0,-10.0,-5.0,27.0,10.0,-0.0,2.0,-13.0,-0.0,-9.0,-6.0,62.0,8.0,-2.0,-2.0,2.0,0.0,-0.0,-89.0
62.0,-0.0,105.0,7.0,2.0,-87.0,0.0,423.0,2.0,-1759.0,26.0,-34.0,16.0,646.0,18.0,-0.0,23.0,43.0,3.0,8.0,-310.0,-1.0,-317.0,36.0,0.0,122.0,19.0,923.0,-324.0,-1194.0,2.0,-51.0,-3.0,-28.0,-153.0,31.0,-5.0,53.0,5.0,23.0,1.0,-2.0,-14.0,-0.0,0.0,1.0,0.0,-1.0,0.0,-0.0,-0.0,1.0,0.0,-1.0,-0.0,2.0,-8.0,0.0,-13.0,-2.0,-5.0,4.0,7.0,5.0,-0.0,-0.0,1.0,-0.0,7.0,-2.0,0.0,-0.0,2.0,1.0,-5.0,5.0,-16.0,-0.0,-0.0,9.0,-0.0,-0.0,-1.0,8.0
85.0,-0.0,24.0,-34.0,12.0,402.0,423.0,0.0,-10.0,1230.0,19.0,205.0,19.0,2041.0,34.0,-1.0,91.0,51.0,42.0,57.0,83.0,-2.0,312.0,-51.0,-0.0,242.0,-34.0,298.0,-177.0,97.0,-2.0,250.0,7.0,117.0,-522.0,-18.0,-12.0,-41.0,1.0,71.0,3.0,7.0,-8.0,-2.0,-1.0,2.0,-4.0,0.0,-1.0,-0.0,-0.0,-0.0,-8.0,0.0,15.0,7.0,62.0,-8.0,-107.0,2.0,-50.0,-4.0,12.0,21.0,-0.0,0.0,9.0,5.0,-36.0,-8.0,-0.0,-1.0,-24.0,-0.0,-12.0,-25.0,74.0,4.0,0.0,-5.0,-2.0,0.0,1.0,83.0
0.0,-0.0,0.0,19.0,0.0,-4.0,2.0,-10.0,0.0,-14.0,5.0,39.0,8.0,7.0,1.0,-4.0,-0.0,1.0,-1.0,54.0,-8.0,9.0,-4.0,104.0,3.0,11.0,18.0,-100.0,1.0,-0.0,1.0,7.0,-0.0,-0.0,21.0,4.0,2.0,-3.0,-0.0,10.0,0.0,5.0,4.0,1.0,-0.0,-0.0,0.0,1.0,0.0,-0.0,1.0,0.0,4.0,0.0,-5.0,4.0,-26.0,17.0,-37.0,-0.0,28.0,7.0,-2.0,2.0,-1.0,-0.0,-3.0,-1.0,13.0,-24.0,3.0,-9.0,77.0,0.0,-10.0,30.0,-93.0,-0.0,-1.0,3.0,0.0,-0.0,-2.0,26.0
20.0,-2.0,-27.0,83.0,-12.0,731.0,-1759.0,1230.0,-14.0,0.0,-85.0,401.0,-54.0,945.0,-36.0,3.0,-64.0,-85.0,-40.0,238.0,71.0,-5.0,264.0,-88.0,-6.0,-214.0,-67.0,500.0,187.0,-77.0,-6.0,-172.0,7.0,-64.0,-731.0,-76.0,-28.0,-83.0,-22.0,-125.0,-6.0,-13.0,-23.0,-5.0,-0.0,-4.0,-8.0,-1.0,-2.0,0.0,-2.0,-0.0,31.0,-3.0,39.0,-28.0,115.0,-16.0,363.0,-15.0,70.0,-21.0,16.0,-19.0,1.0,-0.0,-17.0,-17.0,87.0,27.0,-1.0,8.0,-37.0,-4.0,-48.0,-69.0,294.0,8.0,-2.0,-18.0,1.0,0.0,10.0,-149.0
3.0,0.0,-4.0,-16.0,12.0,11.0,26.0,19.0,5.0,-85.0,0.0,-128.0,245.0,50.0,23.0,-2.0,13.0,232.0,37.0,30.0,-12.0,1.0,-27.0,-24.0,13.0,315.0,85.0,-155.0,157.0,10.0,58.0,137.0,3.0,144.0,-38.0,-74.0,34.0,114.0,48.0,166.0,69.0,11.0,-40.0,-11.0,-1.0,4.0,7.0,0.0,4.0,-0.0,0.0,-3.0,-2.0,1.0,15.0,-26.0,63.0,4.0,-39.0,29.0,-13.0,55.0,10.0,9.0,-0.0,-0.0,18.0,9.0,-14.0,-12.0,0.0,-5.0,-8.0,4.0,40.0,62.0,-125.0,2.0,-1.0,40.0,5.0,0.0,3.0,31.0
7.0,-0.0,-7.0,83.0,-15.0,103.0,-34.0,205.0,39.0,401.0,-128.0,0.0,48.0,335.0,40.0,3.0,-44.0,-154.0,-35.0,158.0,17.0,-2.0,33.0,-81.0,-1.0,-103.0,-61.0,217.0,250.0,-27.0,9.0,-120.0,10.0,-131.0,354.0,-52.0,-38.0,-147.0,-7.0,71.0,4.0,-1.0,-28.0,-13.0,-2.0,-1.0,14.0,-1.0,-6.0,0.0,-0.0,-3.0,11.0,-4.0,70.0,-28.0,240.0,-17.0,322.0,-18.0,186.0,-19.0,34.0,19.0,1.0,-0.0,-42.0,-19.0,77.0,23.0,-0.0,20.0,-47.0,-3.0,-64.0,-43.0,171.0,8.0,-2.0,-24.0,8.0,0.0,-6.0,-214.0
1.0,8.0,-24.0,13.0,4.0,8.0,16.0,19.0,8.0,-54.0,245.0,48.0,0.0,29.0,16.0,-1.0,-26.0,73.0,17.0,27.0,-34.0,9.0,-32.0,37.0,137.0,486.0,450.0,-62.0,84.0,-3.0,103.0,123.0,0.0,16.0,-41.0,-95.0,22.0,69.0,83.0,72.0,29.0,40.0,-86.0,20.0,-9.0,-42.0,14.0,3.0,19.0,-1.0,4.0,-14.0,0.0,13.0,29.0,-24.0,109.0,2.0,-47.0,95.0,9.0,282.0,27.0,17.0,-2.0,-2.0,5.0,-15.0,8.0,-29.0,0.0,-29.0,32.0,60.0,-137.0,373.0,-103.0,11.0,-2.0,89.0,9.0,0.0,-10.0,-39.0
211.0,-0.0,13.0,18.0,13.0,154.0,646.0,2041.0,7.0,945.0,50.0,335.0,29.0,0.0,45.0,-4.0,105.0,136.0,36.0,22.0,-142.0,-1.0,299.0,-55.0,2.0,268.0,94.0,-615.0,879.0,-493.0,5.0,229.0,78.0,-421.0,-193.0,-51.0,-59.0,256.0,15.0,146.0,9.0,8.0,-19.0,-9.0,-0.0,2.0,4.0,0.0,3.0,0.0,-1.0,-3.0,1.0,3.0,14.0,-11.0,46.0,7.0,-73.0,7.0,-41.0,15.0,4.0,11.0,-0.0,-0.0,10.0,-4.0,38.0,-21.0,-0.0,-4.0,19.0,1.0,-43.0,33.0,-57.0,3.0,-3.0,14.0,0.0,0.0,-3.0,40.0
-0.0,0.0,0.0,8.0,12.0,76.0,18.0,34.0,1.0,-36.0,23.0,40.0,16.0,45.0,0.0,-1.0,-0.0,-12.0,-3.0,22.0,-1.0,1.0,-1.0,9.0,3.0,-11.0,2.0,-49.0,3.0,-0.0,2.0,63.0,0.0,-0.0,122.0,-9.0,-1.0,6.0,0.0,63.0,2.0,3.0,-7.0,-0.0,-0.0,-1.0,7.0,2.0,0.0,-0.0,0.0,-0.0,1.0,2.0,12.0,15.0,37.0,3.0,-41.0,2.0,17.0,4.0,-4.0,8.0,-0.0,-0.0,-2.0,-3.0,6.0,-9.0,0.0,-3.0,6.0,0.0,-5.0,2.0,-58.0,-3.0,-0.0,3.0,3.0,0.0,-0.0,58.0
0.0,2.0,-3.0,0.0,-0.0,-2.0,-0.0,-1.0,-4.0,3.0,-2.0,3.0,-1.0,-4.0,-1.0,0.0,-2.0,-3.0,-2.0,0.0,50.0,33.0,36.0,-72.0,-1.0,-8.0,-33.0,88.0,0.0,0.0,-0.0,-0.0,1.0,0.0,-3.0,-9.0,-2.0,-4.0,-1.0,-2.0,0.0,-2.0,-10.0,-5.0,-0.0,-1.0,5.0,1.0,-0.0,0.0,-3.0,-1.0,0.0,-0.0,2.0,-3.0,-12.0,-2.0,2.0,-4.0,2.0,-6.0,3.0,-2.0,11.0,-0.0,-2.0,-1.0,0.0,20.0,2.0,20.0,-21.0,-5.0,-9.0,-78.0,114.0,1.0,0.0,-0.0,0.0,0.0,0.0,-5.0
1.0,4.0,70.0,-1.0,-2.0,-7.0,23.0,91.0,-0.0,-64.0,13.0,-44.0,-26.0,105.0,-0.0,-2.0,0.0,81.0,413.0,0.0,153.0,1.0,473.0,-6.0,-3.0,1092.0,416.0,26.0,141.0,19.0,-11.0,-39.0,2.0,401.0,-4.0,41.0,-76.0,53.0,17.0,-3.0,-3.0,-6.0,-13.0,-0.0,0.0,0.0,-1.0,0.0,-0.0,0.0,0.0,-33.0,-0.0,2.0,-2.0,-1.0,-15.0,-0.0,-6.0,12.0,-5.0,-5.0,-6.0,-0.0,-3.0,4.0,3.0,29.0,2.0,11.0,-0.0,13.0,-2.0,-2.0,-770.0,-316.0,-17.0,4.0,0.0,-8.0,-2.0,0.0,2.0,4.0
2.0,-1.0,39.0,-15.0,5.0,-9.0,43.0,51.0,1.0,-85.0,232.0,-154.0,73.0,136.0,-12.0,-3.0,81.0,0.0,200.0,16.0,-62.0,-1.0,119.0,-31.0,1.0,277.0,59.0,-174.0,189.0,20.0,16.0,78.0,5.0,149.0,30.0,70.0,16.0,153.0,77.0,75.0,34.0,10.0,-50.0,19.0,2.0,2.0,2.0,2.0,1.0,0.0,-0.0,-5.0,-0.0,1.0,-15.0,-17.0,37.0,-2.0,-46.0,9.0,-15.0,11.0,4.0,3.0,-0.0,0.0,12.0,14.0,-12.0,-11.0,-0.0,-6.0,-15.0,2.0,33.0,23.0,-104.0,1.0,-1.0,22.0,3.0,0.0,2.0,35.0
0.0,2.0,30.0,-4.0,2.0,-8.0,3.0,42.0,-1.0,-40.0,37.0,-35.0,17.0,36.0,-3.0,-2.0,413.0,200.0,0.0,3.0,-49.0,2.0,111.0,-1.0,-3.0,684.0,176.0,-24.0,84.0,3.0,-4.0,17.0,2.0,138.0,-17.0,193.0,100.0,47.0,25.0,21.0,2.0,-13.0,47.0,7.0,1.0,2.0,2.0,2.0,0.0,0.0,0.0,-4.0,-1.0,2.0,-11.0,-5.0,-42.0,-0.0,-13.0,6.0,-10.0,-11.0,1.0,-5.0,-0.0,0.0,4.0,7.0,-3.0,-17.0,-0.0,-7.0,-5.0,-0.0,-214.0,-63.0,-29.0,0.0,-0.0,-10.0,2.0,0.0,4.0,27.0
0.0,-0.0,-0.0,44.0,-1.0,32.0,8.0,57.0,54.0,238.0,30.0,158.0,27.0,22.0,22.0,0.0,0.0,16.0,3.0,0.0,4.0,-5.0,4.0,134.0,1.0,-31.0,27.0,127.0,5.0,-0.0,5.0,47.0,0.0,-1.0,-101.0,-14.0,-12.0,-8.0,-5.0,25.0,2.0,2.0,-12.0,-8.0,-1.0,-1.0,-2.0,-1.0,-2.0,0.0,-1.0,-0.0,10.0,-3.0,21.0,-26.0,109.0,-13.0,153.0,-9.0,78.0,9.0,12.0,4.0,0.0,-0.0,-16.0,-7.0,108.0,14.0,-0.0,8.0,56.0,-2.0,-14.0,30.0,149.0,4.0,-0.0,-13.0,2.0,0.0,-2.0,-106.0
7.0,0.0,-233.0,9.0,-4.0,13.0,-310.0,83.0,-8.0,71.0,-12.0,17.0,-34.0,-142.0,-1.0,50.0,153.0,-62.0,-49.0,4.0,0.0,20.0,1136.0,-81.0,-2.0,-479.0,-145.0,343.0,183.0,1066.0,-6.0,-34.0,21.0,132.0,-17.0,-135.0,-43.0,-360.0,-51.0,-28.0,0.0,-10.0,-38.0,-6.0,-0.0,-4.0,-4.0,4.0,-2.0,0.0,-2.0,-2.0,1.0,5.0,5.0,-2.0,30.0,-1.0,12.0,-12.0,8.0,-21.0,1.0,-3.0,9.0,0.0,-4.0,-5.0,4.0,30.0,-0.0,28.0,-13.0,-2.0,-41.0,-87.0,92.0,2.0,0.0,-19.0,0.0,0.0,0.0,-16.0
-0.0,3.0,-0.0,2.0,-0.0,-1.0,-1.0,-2.0,9.0,-5.0,1.0,-2.0,9.0,-1.0,1.0,33.0,1.0,-1.0,2.0,-5.0,20.0,0.0,22.0,100.0,2.0,8.0,84.0,74.0,3.0,0.0,-2.0,-3.0,0.0,0.0,-4.0,7.0,-2.0,1.0,1.0,-0.0,0.0,0.0,9.0,-6.0,0.0,1.0,-0.0,0.0,0.0,0.0,9.0,-0.0,1.0,1.0,-1.0,-0.0,-8.0,7.0,-2.0,3.0,-0.0,8.0,1.0,2.0,5.0,0.0,0.0,0.0,-2.0,15.0,13.0,9.0,47.0,3.0,17.0,160.0,105.0,2.0,0.0,-3.0,0.0,0.0,0.0,-3.0
6.0,1.0,563.0,4.0,-1.0,15.0,-317.0,312.0,-4.0,264.0,-27.0,33.0,-32.0,299.0,-1.0,36.0,473.0,119.0,111.0,4.0,1136.0,22.0,0.0,-61.0,-3.0,-966.0,-840.0,264.0,175.0,472.0,-6.0,-69.0,6.0,212.0,-27.0,-215.0,-75.0,159.0,30.0,-54.0,5.0,-13.0,-56.0,-5.0,1.0,-2.0,-6.0,2.0,-1.0,0.0,-1.0,-10.0,1.0,-10.0,9.0,-4.0,-31.0,-0.0,12.0,-22.0,2.0,-24.0,-4.0,-3.0,12.0,0.0,-4.0,-15.0,7.0,32.0,-1.0,35.0,-20.0,-2.0,-122.0,-268.0,75.0,2.0,1.0,-11.0,3.0,0.0,1.0,-34.0
-0.0,4.0,3.0,61.0,-4.0,-22.0,36.0,-51.0,104.0,-88.0,-24.0,-81.0,37.0,-55.0,9.0,-72.0,-6.0,-31.0,-1.0,134.0,-81.0,100.0,-61.0,0.0,5.0,62.0,170.0,735.0,-18.0,-8.0,17.0,-20.0,-2.0,-2.0,-64.0,35.0,-16.0,-17.0,-8.0,22.0,-1.0,11.0,43.0,-12.0,-3.0,-21.0,7.0,-2.0,0.0,-0.0,6.0,3.0,17.0,3.0,-32.0,29.0,-86.0,28.0,-102.0,-18.0,-60.0,31.0,-20.0,7.0,-21.0,-0.0,-8.0,-17.0,54.0,-165.0,7.0,-55.0,292.0,3.0,51.0,278.0,604.0,-3.0,3.0,18.0,6.0,-0.0,-3.0,-103.0
0.0,14.0,-2.0,-4.0,0.0,-2.0,0.0,-0.0,3.0,-6.0,13.0,-1.0,137.0,2.0,3.0,-1.0,-3.0,1.0,-3.0,1.0,-2.0,2.0,-3.0,5.0,0.0,89.0,140.0,-8.0,2.0,-0.0,42.0,13.0,0.0,1.0,-2.0,-21.0,2.0,7.0,11.0,7.0,4.0,9.0,-27.0,7.0,-3.0,-6.0,3.0,1.0,3.0,0.0,5.0,-2.0,1.0,3.0,-3.0,-5.0,18.0,0.0,-8.0,32.0,-4.0,131.0,7.0,1.0,-1.0,-0.0,2.0,-5.0,-3.0,-4.0,0.0,-6.0,13.0,26.0,64.0,226.0,-27.0,1.0,-0.0,72.0,2.0,0.0,2.0,-9.0
-27.0,50.0,428.0,-17.0,-4.0,-13.0,122.0,242.0,11.0,-214.0,315.0,-103.0,486.0,268.0,-11.0,-8.0,1092.0,277.0,684.0,-31.0,-479.0,8.0,-966.0,62.0,89.0,0.0,2685.0,-359.0,-293.0,119.0,202.0,-81.0,-13.0,-301.0,45.0,253.0,170.0,218.0,86.0,-56.0,-29.0,51.0,122.0,27.0,5.0,24.0,-8.0,-1.0,8.0,-1.0,4.0,81.0,-1.0,-8.0,-46.0,-21.0,-111.0,4.0,-42.0,119.0,-24.0,145.0,-19.0,-14.0,-4.0,4.0,43.0,94.0,-10.0,-54.0,2.0,-29.0,-32.0,26.0,2523.0,1676.0,-170.0,-10.0,-0.0,143.0,-5.0,-0.0,-6.0,110.0
2.0,64.0,518.0,-20.0,-3.0,-13.0,19.0,-34.0,18.0,-67.0,85.0,-61.0,450.0,94.0,2.0,-33.0,416.0,59.0,176.0,27.0,-145.0,84.0,-840.0,170.0,140.0,2685.0,0.0,-131.0,188.0,-21.0,232.0,68.0,-4.0,-56.0,-43.0,148.0,115.0,233.0,69.0,40.0,18.0,76.0,99.0,24.0,4.0,17.0,7.0,2.0,3.0,0.0,61.0,-145.0,5.0,6.0,-23.0,-12.0,-61.0,8.0,-41.0,120.0,-31.0,320.0,-27.0,20.0,-32.0,-6.0,5.0,-62.0,20.0,-80.0,7.0,-54.0,97.0,82.0,-721.0,1947.0,-220.0,-8.0,-4.0,79.0,6.0,0.0,-9.0,68.0
-3.0,-2.0,40.0,98.0,-25.0,88.0,923.0,298.0,-100.0,500.0,-155.0,217.0,-62.0,-615.0,-49.0,88.0,26.0,-174.0,-24.0,127.0,343.0,74.0,264.0,735.0,-8.0,-359.0,-131.0,0.0,-273.0,312.0,-11.0,-161.0,-9.0,-64.0,-313.0,-134.0,-27.0,-240.0,-67.0,-128.0,-6.0,-28.0,-61.0,-34.0,-4.0,-6.0,-16.0,-6.0,-4.0,-0.0,-1.0,-4.0,20.0,-7.0,56.0,184.0,166.0,-34.0,370.0,-28.0,94.0,-57.0,-37.0,-26.0,14.0,1.0,-31.0,-21.0,96.0,98.0,-2.0,35.0,139.0,-3.0,-70.0,-180.0,1119.0,-7.0,-3.0,-50.0,-4.0,-0.0,-3.0,-184.0
100.0,4.0,-65.0,4.0,11.0,13.0,-324.0,-177.0,1.0,187.0,157.0,250.0,84.0,879.0,3.0,0.0,141.0,189.0,84.0,5.0,183.0,3.0,175.0,-18.0,2.0,-293.0,188.0,-273.0,0.0,731.0,6.0,109.0,172.0,568.0,-11.0,-43.0,-130.0,641.0,12.0,35.0,12.0,20.0,-23.0,-5.0,1.0,-4.0,5.0,0.0,-2.0,0.0,1.0,-2.0,0.0,3.0,9.0,-3.0,35.0,-1.0,32.0,8.0,17.0,8.0,6.0,4.0,2.0,0.0,3.0,6.0,19.0,6.0,0.0,3.0,-4.0,0.0,-65.0,53.0,-23.0,2.0,0.0,19.0,2.0,0.0,0.0,-15.0
90.0,0.0,21.0,-0.0,-1.0,-1.0,-1194.0,97.0,-0.0,-77.0,10.0,-27.0,-3.0,-493.0,-0.0,0.0,19.0,20.0,3.0,-0.0,1066.0,0.0,472.0,-8.0,-0.0,119.0,-21.0,312.0,731.0,0.0,-0.0,-26.0,46.0,193.0,-1.0,-19.0,-20.0,139.0,2.0,-6.0,-1.0,-1.0,-3.0,-1.0,0.0,0.0,-1.0,-0.0,-0.0,0.0,0.0,-0.0,-0.0,-0.0,-0.0,-0.0,-0.0,-0.0,-1.0,1.0,-0.0,-0.0,-1.0,-1.0,0.0,0.0,0.0,1.0,-2.0,0.0,0.0,0.0,-0.0,-0.0,1.0,-3.0,1.0,0.0,0.0,-4.0,-0.0,0.0,0.0,-2.0
0.0,-2.0,15.0,4.0,1.0,-3.0,2.0,-2.0,1.0,-6.0,58.0,9.0,103.0,5.0,2.0,-0.0,-11.0,16.0,-4.0,5.0,-6.0,-2.0,-6.0,17.0,42.0,202.0,232.0,-11.0,6.0,-0.0,0.0,27.0,0.0,-7.0,7.0,-40.0,-16.0,19.0,42.0,16.0,5.0,7.0,-61.0,19.0,-1.0,-7.0,1.0,0.0,2.0,-0.0,-4.0,-2.0,0.0,2.0,8.0,1.0,22.0,0.0,-9.0,66.0,4.0,70.0,9.0,0.0,-0.0,-0.0,4.0,-4.0,0.0,-5.0,0.0,-4.0,8.0,8.0,-130.0,199.0,-19.0,-3.0,-1.0,70.0,5.0,-0.0,-5.0,11.0
4.0,-2.0,-12.0,-39.0,40.0,147.0,-51.0,250.0,7.0,-172.0,137.0,-120.0,123.0,229.0,63.0,-0.0,-39.0,78.0,17.0,47.0,-34.0,-3.0,-69.0,-20.0,13.0,-81.0,68.0,-161.0,109.0,-26.0,27.0,0.0,8.0,78.0,-197.0,-75.0,-21.0,280.0,-42.0,200.0,65.0,29.0,-51.0,-6.0,-4.0,-10.0,19.0,9.0,2.0,-0.0,-0.0,-2.0,-0.0,21.0,42.0,-29.0,149.0,2.0,111.0,36.0,42.0,46.0,18.0,27.0,-1.0,-0.0,22.0,16.0,-22.0,-33.0,-1.0,-25.0,-21.0,7.0,-44.0,56.0,-104.0,11.0,-1.0,23.0,19.0,-1.0,6.0,97.0
14.0,0.0,-0.0,0.0,0.0,0.0,-3.0,7.0,-0.0,7.0,3.0,10.0,0.0,78.0,0.0,1.0,2.0,5.0,2.0,0.0,21.0,0.0,6.0,-2.0,0.0,-13.0,-4.0,-9.0,172.0,46.0,0.0,8.0,0.0,58.0,-0.0,-0.0,-1.0,106.0,0.0,0.0,0.0,2.0,-0.0,-0.0,0.0,0.0,0.0,0.0,-0.0,0.0,0.0,-0.0,0.0,0.0,0.0,-0.0,1.0,-0.0,0.0,0.0,0.0,0.0,0.0,0.0,0.0,0.0,0.0,0.0,0.0,0.0,0.0,0.0,-0.0,0.0,-0.0,0.0,-0.0,0.0,0.0,-0.0,0.0,0.0,0.0,-0.0
15.0,0.0,-26.0,-2.0,9.0,-3.0,-28.0,117.0,-0.0,-64.0,144.0,-131.0,16.0,-421.0,-0.0,0.0,401.0,149.0,138.0,-1.0,132.0,0.0,212.0,-2.0,1.0,-301.0,-56.0,-64.0,568.0,193.0,-7.0,78.0,58.0,0.0,-2.0,-9.0,-43.0,414.0,9.0,4.0,9.0,7.0,-3.0,-0.0,0.0,0.0,0.0,0.0,0.0,0.0,0.0,-1.0,-0.0,0.0,-2.0,-1.0,1.0,-0.0,-3.0,4.0,-1.0,3.0,0.0,0.0,0.0,0.0,1.0,2.0,-3.0,2.0,0.0,1.0,-1.0,1.0,26.0,15.0,-2.0,0.0,1.0,-7.0,0.0,0.0,1.0,-4.0
-2.0,-1.0,-2.0,-69.0,22.0,-401.0,-153.0,-522.0,21.0,-731.0,-38.0,354.0,-41.0,-193.0,122.0,-3.0,-4.0,30.0,-17.0,-101.0,-17.0,-4.0,-27.0,-64.0,-2.0,45.0,-43.0,-313.0,-11.0,-1.0,7.0,-197.0,-0.0,-2.0,0.0,65.0,10.0,17.0,6.0,207.0,-3.0,-6.0,19.0,7.0,2.0,1.0,10.0,4.0,3.0,-1.0,-0.0,0.0,-13.0,9.0,-69.0,-32.0,174.0,42.0,-260.0,17.0,-117.0,-22.0,-32.0,29.0,-1.0,-0.0,20.0,23.0,-58.0,-43.0,-0.0,-16.0,-49.0,0.0,30.0,29.0,-191.0,-18.0,-14.0,19.0,-7.0,-0.0,-7.0,327.0
-0.0,2.0,98.0,-21.0,13.0,-20.0,31.0,-18.0,4.0,-76.0,-74.0,-52.0,-95.0,-51.0,-9.0,-9.0,41.0,70.0,193.0,-14.0,-135.0,7.0,-215.0,35.0,-21.0,253.0,148.0,-134.0,-43.0,-19.0,-40.0,-75.0,-0.0,-9.0,65.0,0.0,162.0,56.0,50.0,137.0,-7.0,-40.0,126.0,30.0,8.0,10.0,19.0,7.0,5.0,-1.0,3.0,20.0,-3.0,-11.0,-33.0,-32.0,-106.0,6.0,-71.0,-91.0,-30.0,-65.0,-20.0,-15.0,-5.0,1.0,32.0,51.0,-13.0,-68.0,1.0,-42.0,-19.0,-3.0,-159.0,112.0,-129.0,-6.0,-6.0,-44.0,-9.0,-0.0,-4.0,83.0
-3.0,0.0,35.0,-5.0,-2.0,-2.0,-5.0,-12.0,2.0,-28.0,34.0,-38.0,22.0,-59.0,-1.0,-2.0,-76.0,16.0,100.0,-12.0,-43.0,-2.0,-75.0,-16.0,2.0,170.0,115.0,-27.0,-130.0,-20.0,-16.0,-21.0,-1.0,-43.0,10.0,162.0,0.0,77.0,46.0,30.0,-1.0,38.0,12.0,5.0,0.0,2.0,0.0,-1.0,0.0,-1.0,4.0,-0.0,-1.0,-1.0,-4.0,-1.0,-14.0,-1.0,-11.0,-9.0,-5.0,7.0,-4.0,-1.0,-0.0,-0.0,-0.0,-4.0,-5.0,-11.0,-0.0,-1.0,-5.0,1.0,-47.0,71.0,-21.0,-1.0,-0.0,-12.0,-1.0,-0.0,-0.0,9.0
20.0,1.0,49.0,-8.0,6.0,-9.0,53.0,-41.0,-3.0,-83.0,114.0,-147.0,69.0,256.0,6.0,-4.0,53.0,153.0,47.0,-8.0,-360.0,1.0,159.0,-17.0,7.0,218.0,233.0,-240.0,641.0,139.0,19.0,280.0,106.0,414.0,17.0,56.0,77.0,0.0,150.0,66.0,26.0,33.0,38.0,5.0,4.0,4.0,0.0,1.0,3.0,0.0,1.0,4.0,-1.0,7.0,-10.0,-4.0,-27.0,-1.0,-17.0,12.0,-9.0,31.0,-3.0,2.0,-2.0,0.0,5.0,4.0,-9.0,-9.0,3.0,-6.0,-3.0,1.0,65.0,122.0,-32.0,4.0,1.0,-19.0,-4.0,0.0,3.0,17.0
0.0,1.0,40.0,-4.0,5.0,-5.0,5.0,1.0,-0.0,-22.0,48.0,-7.0,83.0,15.0,0.0,-1.0,17.0,77.0,25.0,-5.0,-51.0,1.0,30.0,-8.0,11.0,86.0,69.0,-67.0,12.0,2.0,42.0,-42.0,0.0,9.0,6.0,50.0,46.0,150.0,0.0,-19.0,13.0,8.0,7.0,8.0,2.0,0.0,2.0,0.0,2.0,-0.0,1.0,0.0,-0.0,2.0,-5.0,-4.0,-14.0,0.0,-5.0,3.0,-5.0,14.0,-4.0,0.0,-0.0,0.0,0.0,4.0,-1.0,-2.0,0.0,-0.0,-1.0,6.0,21.0,32.0,-10.0,-0.0,0.0,36.0,2.0,0.0,1.0,7.0
-1.0,-2.0,-6.0,-27.0,43.0,106.0,23.0,71.0,10.0,-125.0,166.0,71.0,72.0,146.0,63.0,-2.0,-3.0,75.0,21.0,25.0,-28.0,-0.0,-54.0,22.0,7.0,-56.0,40.0,-128.0,35.0,-6.0,16.0,200.0,0.0,4.0,207.0,137.0,30.0,66.0,-19.0,0.0,16.0,5.0,34.0,11.0,-1.0,-4.0,9.0,3.0,3.0,-0.0,-0.0,-1.0,-3.0,4.0,34.0,-29.0,100.0,5.0,-86.0,17.0,28.0,27.0,13.0,25.0,-0.0,-0.0,8.0,-6.0,-19.0,-37.0,-0.0,-20.0,8.0,3.0,-31.0,29.0,-97.0,7.0,-1.0,26.0,7.0,0.0,2.0,95.0
0.0,0.0,-3.0,-2.0,4.0,5.0,1.0,3.0,0.0,-6.0,69.0,4.0,29.0,9.0,2.0,0.0,-3.0,34.0,2.0,2.0,0.0,0.0,5.0,-1.0,4.0,-29.0,18.0,-6.0,12.0,-1.0,5.0,65.0,0.0,9.0,-3.0,-7.0,-1.0,26.0,13.0,16.0,0.0,9.0,-7.0,-1.0,-0.0,-0.0,1.0,1.0,0.0,0.0,0.0,-0.0,-0.0,0.0,3.0,-0.0,9.0,0.0,2.0,3.0,0.0,9.0,1.0,1.0,0.0,-0.0,0.0,-0.0,2.0,4.0,-0.0,2.0,-0.0,1.0,-2.0,8.0,-8.0,0.0,-0.0,7.0,0.0,0.0,2.0,-2.0
0.0,0.0,-20.0,-5.0,1.0,-3.0,-2.0,7.0,5.0,-13.0,11.0,-1.0,40.0,8.0,3.0,-2.0,-6.0,10.0,-13.0,2.0,-10.0,0.0,-13.0,11.0,9.0,51.0,76.0,-28.0,20.0,-1.0,7.0,29.0,2.0,7.0,-6.0,-40.0,38.0,33.0,8.0,5.0,9.0,0.0,-10.0,5.0,-1.0,6.0,4.0,0.0,2.0,-0.0,3.0,-1.0,-1.0,7.0,-10.0,-9.0,32.0,0.0,-21.0,6.0,-5.0,27.0,7.0,5.0,-0.0,-0.0,0.0,1.0,-0.0,-2.0,1.0,-0.0,5.0,9.0,16.0,89.0,-15.0,0.0,-0.0,11.0,1.0,-0.0,-4.0,9.0
-1.0,5.0,14.0,-17.0,-5.0,-5.0,-14.0,-8.0,4.0,-23.0,-40.0,-28.0,-86.0,-19.0,-7.0,-10.0,-13.0,-50.0,47.0,-12.0,-38.0,9.0,-56.0,43.0,-27.0,122.0,99.0,-61.0,-23.0,-3.0,-61.0,-51.0,-0.0,-3.0,19.0,126.0,12.0,38.0,7.0,34.0,-7.0,-10.0,0.0,164.0,20.0,13.0,46.0,14.0,22.0,-1.0,2.0,48.0,-1.0,-12.0,-38.0,-40.0,-144.0,1.0,-36.0,-102.0,-7.0,-90.0,-37.0,-34.0,-9.0,2.0,120.0,117.0,-2.0,-144.0,2.0,-241.0,10.0,-8.0,371.0,209.0,-128.0,-20.0,-18.0,-66.0,-6.0,-0.0,-15.0,31.0
-0.0,2.0,3.0,-0.0,-0.0,-2.0,-0.0,-2.0,1.0,-5.0,-11.0,-13.0,20.0,-9.0,-0.0,-5.0,-0.0,19.0,7.0,-8.0,-6.0,-6.0,-5.0,-12.0,7.0,27.0,24.0,-34.0,-5.0,-1.0,19.0,-6.0,-0.0,-0.0,7.0,30.0,5.0,5.0,8.0,11.0,-1.0,5.0,164.0,0.0,92.0,68.0,9.0,0.0,16.0,-0.0,1.0,11.0,-0.0,-4.0,-16.0,-15.0,-44.0,3.0,-17.0,-24.0,-8.0,19.0,-37.0,-12.0,-0.0,-4.0,26.0,-138.0,-3.0,-17.0,-0.0,-51.0,-2.0,10.0,139.0,38.0,-61.0,-4.0,-5.0,6.0,-2.0,-0.0,-10.0,15.0
-0.0,0.0,1.0,-0.0,0.0,-0.0,0.0,-1.0,-0.0,-0.0,-1.0,-2.0,-9.0,-0.0,-0.0,-0.0,0.0,2.0,1.0,-1.0,-0.0,0.0,1.0,-3.0,-3.0,5.0,4.0,-4.0,1.0,0.0,-1.0,-4.0,0.0,0.0,2.0,8.0,0.0,4.0,2.0,-1.0,-0.0,-1.0,20.0,92.0,0.0,54.0,36.0,9.0,8.0,9.0,0.0,3.0,-1.0,7.0,-11.0,-72.0,-208.0,-0.0,-15.0,97.0,-4.0,-16.0,-383.0,-22.0,-1.0,2.0,122.0,77.0,-1.0,-29.0,0.0,25.0,-3.0,3.0,54.0,22.0,-44.0,199.0,97.0,-5.0,-48.0,30.0,359.0,7.0
-0.0,0.0,1.0,-6.0,0.0,-0.0,1.0,2.0,-0.0,-4.0,4.0,-1.0,-42.0,2.0,-1.0,-1.0,0.0,2.0,2.0,-1.0,-4.0,1.0,-2.0,-21.0,-6.0,24.0,17.0,-6.0,-4.0,0.0,-7.0,-10.0,0.0,0.0,1.0,10.0,2.0,4.0,0.0,-4.0,-0.0,6.0,13.0,68.0,54.0,0.0,-25.0,13.0,19.0,-0.0,0.0,8.0,-0.0,0.0,-5.0,14.0,-22.0,0.0,-8.0,24.0,-3.0,-32.0,-29.0,6.0,-0.0,1.0,16.0,7.0,-0.0,-26.0,2.0,-15.0,-5.0,7.0,49.0,43.0,-39.0,-19.0,19.0,17.0,-3.0,2.0,15.0,7.0
0.0,0.0,-0.0,-5.0,3.0,5.0,0.0,-4.0,0.0,-8.0,7.0,14.0,14.0,4.0,7.0,5.0,-1.0,2.0,2.0,-2.0,-4.0,-0.0,-6.0,7.0,3.0,-8.0,7.0,-16.0,5.0,-1.0,1.0,19.0,0.0,0.0,10.0,19.0,0.0,0.0,2.0,9.0,1.0,4.0,46.0,9.0,36.0,-25.0,0.0,9.0,6.0,-19.0,0.0,-1.0,-1.0,32.0,84.0,-108.0,251.0,0.0,-63.0,20.0,17.0,17.0,166.0,61.0,-0.0,-0.0,18.0,-52.0,-4.0,-57.0,0.0,-43.0,4.0,2.0,-34.0,27.0,-154.0,139.0,-47.0,3.0,27.0,10.0,69.0,53.0
0.0,0.0,-0.0,-0.0,1.0,0.0,-1.0,0.0,1.0,-1.0,0.0,-1.0,3.0,0.0,2.0,1.0,0.0,2.0,2.0,-1.0,4.0,0.0,2.0,-2.0,1.0,-1.0,2.0,-6.0,0.0,-0.0,0.0,9.0,0.0,0.0,4.0,7.0,-1.0,1.0,0.0,3.0,1.0,0.0,14.0,0.0,9.0,13.0,9.0,0.0,0.0,3.0,0.0,-2.0,-0.0,12.0,14.0,-8.0,92.0,1.0,-4.0,14.0,-1.0,5.0,64.0,6.0,-0.0,0.0,26.0,9.0,-1.0,6.0,0.0,-10.0,-0.0,1.0,-9.0,9.0,-12.0,11.0,2.0,3.0,38.0,1.0,16.0,-5.0
-0.0,0.0,0.0,-0.0,0.0,-1.0,0.0,-1.0,0.0,-2.0,4.0,-6.0,19.0,3.0,0.0,-0.0,-0.0,1.0,0.0,-2.0,-2.0,0.0,-1.0,0.0,3.0,8.0,3.0,-4.0,-2.0,-0.0,2.0,2.0,-0.0,0.0,3.0,5.0,0.0,3.0,2.0,3.0,0.0,2.0,22.0,16.0,8.0,19.0,6.0,0.0,0.0,-0.0,0.0,3.0,-0.0,0.0,-1.0,-3.0,25.0,1.0,-17.0,1.0,-4.0,1.0,-9.0,6.0,-0.0,-0.0,4.0,4.0,-1.0,-8.0,0.0,-16.0,2.0,3.0,25.0,11.0,-21.0,-2.0,-1.0,2.0,6.0,-0.0,1.0,7.0
0.0,0.0,-1.0,0.0,-0.0,-0.0,-0.0,-0.0,-0.0,0.0,-0.0,0.0,-1.0,0.0,-0.0,0.0,0.0,0.0,0.0,0.0,0.0,0.0,0.0,-0.0,0.0,-1.0,0.0,-0.0,0.0,0.0,-0.0,-0.0,0.0,0.0,-1.0,-1.0,-1.0,0.0,-0.0,-0.0,0.0,-0.0,-1.0,-0.0,9.0,-0.0,-19.0,3.0,-0.0,0.0,0.0,-1.0,0.0,2.0,-3.0,-27.0,131.0,-0.0,0.0,12.0,0.0,-1.0,362.0,-3.0,0.0,0.0,13.0,9.0,0.0,19.0,0.0,2.0,-0.0,0.0,-4.0,0.0,-4.0,65.0,142.0,-0.0,8.0,18.0,24.0,-0.0
-0.0,6.0,-0.0,-1.0,-0.0,-0.0,-0.0,-0.0,1.0,-2.0,0.0,-0.0,4.0,-1.0,0.0,-3.0,0.0,-0.0,0.0,-1.0,-2.0,9.0,-1.0,6.0,5.0,4.0,61.0,-1.0,1.0,0.0,-4.0,-0.0,0.0,0.0,-0.0,3.0,4.0,1.0,1.0,-0.0,0.0,3.0,2.0,1.0,0.0,0.0,0.0,0.0,0.0,0.0,0.0,-0.0,-0.0,0.0,-0.0,-0.0,-2.0,1.0,-0.0,12.0,-0.0,8.0,0.0,0.0,1.0,0.0,0.0,1.0,-0.0,-0.0,0.0,0.0,3.0,1.0,15.0,73.0,-12.0,0.0,0.0,-0.0,0.0,0.0,0.0,-0.0
-0.0,-1.0,37.0,-2.0,-0.0,-0.0,1.0,-0.0,0.0,-0.0,-3.0,-3.0,-14.0,-3.0,-0.0,-1.0,-33.0,-5.0,-4.0,-0.0,-2.0,-0.0,-10.0,3.0,-2.0,81.0,-145.0,-4.0,-2.0,-0.0,-2.0,-2.0,-0.0,-1.0,0.0,20.0,-0.0,4.0,0.0,-1.0,-0.0,-1.0,48.0,11.0,3.0,8.0,-1.0,-2.0,3.0,-1.0,-0.0,0.0,-1.0,-1.0,-4.0,134.0,-23.0,0.0,-1.0,6.0,-0.0,-30.0,20.0,-5.0,-3.0,101.0,3.0,76.0,-0.0,-60.0,0.0,-416.0,1.0,-0.0,598.0,430.0,22.0,-30.0,13.0,4.0,-1.0,-0.0,-6.0,-7.0
0.0,-0.0,-1.0,17.0,-0.0,1.0,0.0,-8.0,4.0,31.0,-2.0,11.0,0.0,1.0,1.0,0.0,-0.0,-0.0,-1.0,10.0,1.0,1.0,1.0,17.0,1.0,-1.0,5.0,20.0,0.0,-0.0,0.0,-0.0,0.0,-0.0,-13.0,-3.0,-1.0,-1.0,-0.0,-3.0,-0.0,-1.0,-1.0,-0.0,-1.0,-0.0,-1.0,-0.0,-0.0,0.0,-0.0,-1.0,0.0,-1.0,6.0,1.0,5.0,6.0,26.0,-0.0,1.0,0.0,2.0,1.0,0.0,-0.0,-1.0,-0.0,9.0,1.0,1.0,0.0,13.0,0.0,-0.0,9.0,55.0,0.0,-0.0,-0.0,1.0,0.0,-0.0,-12.0
0.0,0.0,-1.0,-1.0,3.0,2.0,-1.0,0.0,0.0,-3.0,1.0,-4.0,13.0,3.0,2.0,-0.0,2.0,1.0,2.0,-3.0,5.0,1.0,-10.0,3.0,3.0,-8.0,6.0,-7.0,3.0,-0.0,2.0,21.0,0.0,0.0,9.0,-11.0,-1.0,7.0,2.0,4.0,0.0,7.0,-12.0,-4.0,7.0,0.0,32.0,12.0,0.0,2.0,0.0,-1.0,-1.0,0.0,28.0,45.0,71.0,1.0,-30.0,23.0,-4.0,16.0,21.0,11.0,-0.0,0.0,6.0,4.0,-3.0,-13.0,0.0,-7.0,7.0,1.0,11.0,5.0,-87.0,5.0,3.0,0.0,5.0,0.0,18.0,-15.0
0.0,-0.0,-2.0,10.0,3.0,21.0,-0.0,15.0,-5.0,39.0,15.0,70.0,29.0,14.0,12.0,2.0,-2.0,-15.0,-11.0,21.0,5.0,-1.0,9.0,-32.0,-3.0,-46.0,-23.0,56.0,9.0,-0.0,8.0,42.0,0.0,-2.0,-69.0,-33.0,-4.0,-10.0,-5.0,34.0,3.0,-10.0,-38.0,-16.0,-11.0,-5.0,84.0,14.0,-1.0,-3.0,-0.0,-4.0,6.0,28.0,0.0,-54.0,486.0,-8.0,261.0,47.0,61.0,25.0,82.0,62.0,0.0,-3.0,-40.0,-77.0,19.0,39.0,-0.0,51.0,-13.0,-3.0,-130.0,-42.0,98.0,18.0,-16.0,11.0,17.0,0.0,-26.0,-425.0
-0.0,-0.0,5.0,14.0,-4.0,-4.0,2.0,7.0,4.0,-28.0,-26.0,-28.0,-24.0,-11.0,15.0,-3.0,-1.0,-17.0,-5.0,-26.0,-2.0,-0.0,-4.0,29.0,-5.0,-21.0,-12.0,184.0,-3.0,-0.0,1.0,-29.0,-0.0,-1.0,-32.0,-32.0,-1.0,-4.0,-4.0,-29.0,-0.0,-9.0,-40.0,-15.0,-72.0,14.0,-108.0,-8.0,-3.0,-27.0,-0.0,134.0,1.0,45.0,-54.0,0.0,1832.0,5.0,-1461.0,-66.0,-36.0,-21.0,2121.0,28.0,-1.0,11.0,76.0,124.0,12.0,-546.0,0.0,-389.0,92.0,-3.0,101.0,17.0,1677.0,-366.0,2193.0,38.0,-41.0,-8.0,-130.0,-191.0
1.0,-4.0,-8.0,-54.0,19.0,69.0,-8.0,62.0,-26.0,115.0,63.0,240.0,109.0,46.0,37.0,-12.0,-15.0,37.0,-42.0,109.0,30.0,-8.0,-31.0,-86.0,18.0,-111.0,-61.0,166.0,35.0,-0.0,22.0,149.0,1.0,1.0,174.0,-106.0,-14.0,-27.0,-14.0,100.0,9.0,32.0,-144.0,-44.0,-208.0,-22.0,251.0,92.0,25.0,131.0,-2.0,-23.0,5.0,71.0,486.0,1832.0,0.0,-21.0,1303.0,347.0,227.0,128.0,3321.0,224.0,2.0,-14.0,236.0,317.0,64.0,308.0,-1.0,542.0,-68.0,12.0,-290.0,-119.0,591.0,545.0,360.0,28.0,198.0,71.0,488.0,-1230.0
-0.0,0.0,1.0,5.0,0.0,-9.0,0.0,-8.0,17.0,-16.0,4.0,-17.0,2.0,7.0,3.0,-2.0,-0.0,-2.0,-0.0,-13.0,-1.0,7.0,-0.0,28.0,0.0,4.0,8.0,-34.0,-1.0,-0.0,0.0,2.0,-0.0,-0.0,42.0,6.0,-1.0,-1.0,0.0,5.0,0.0,0.0,1.0,3.0,-0.0,0.0,0.0,1.0,1.0,-0.0,1.0,0.0,6.0,1.0,-8.0,5.0,-21.0,0.0,-46.0,-3.0,13.0,2.0,0.0,3.0,-1.0,-0.0,3.0,-2.0,10.0,-4.0,0.0,-1.0,39.0,0.0,3.0,7.0,-30.0,-2.0,-0.0,1.0,0.0,-0.0,-0.0,33.0
0.0,-2.0,-3.0,98.0,-15.0,84.0,-13.0,-107.0,-37.0,363.0,-39.0,322.0,-47.0,-73.0,-41.0,2.0,-6.0,-46.0,-13.0,153.0,12.0,-2.0,12.0,-102.0,-8.0,-42.0,-41.0,370.0,32.0,-1.0,-9.0,111.0,0.0,-3.0,-260.0,-71.0,-11.0,-17.0,-5.0,-86.0,2.0,-21.0,-36.0,-17.0,-15.0,-8.0,-63.0,-4.0,-17.0,0.0,-0.0,-1.0,26.0,-30.0,261.0,-1461.0,1303.0,-46.0,0.0,-147.0,177.0,-44.0,377.0,-60.0,2.0,-4.0,-119.0,-144.0,164.0,51.0,-0.0,17.0,-173.0,-8.0,-170.0,-62.0,857.0,46.0,-46.0,-39.0,39.0,1.0,-46.0,-1067.0
-0.0,3.0,-14.0,-9.0,3.0,-4.0,-2.0,2.0,-0.0,-15.0,29.0,-18.0,95.0,7.0,2.0,-4.0,12.0,9.0,6.0,-9.0,-12.0,3.0,-22.0,-18.0,32.0,119.0,120.0,-28.0,8.0,1.0,66.0,36.0,0.0,4.0,17.0,-91.0,-9.0,12.0,3.0,17.0,3.0,6.0,-102.0,-24.0,97.0,24.0,20.0,14.0,1.0,12.0,12.0,6.0,-0.0,23.0,47.0,-66.0,347.0,-3.0,-147.0,0.0,-11.0,131.0,289.0,56.0,-2.0,9.0,267.0,96.0,-4.0,-37.0,0.0,-63.0,-7.0,7.0,600.0,271.0,-72.0,166.0,31.0,97.0,81.0,15.0,305.0,-30.0
0.0,-1.0,-0.0,22.0,-5.0,49.0,-5.0,-50.0,28.0,70.0,-13.0,186.0,9.0,-41.0,17.0,2.0,-5.0,-15.0,-10.0,78.0,8.0,-0.0,2.0,-60.0,-4.0,-24.0,-31.0,94.0,17.0,-0.0,4.0,42.0,0.0,-1.0,-117.0,-30.0,-5.0,-9.0,-5.0,28.0,0.0,-5.0,-7.0,-8.0,-4.0,-3.0,17.0,-1.0,-4.0,0.0,-0.0,-0.0,1.0,-4.0,61.0,-36.0,227.0,13.0,177.0,-11.0,0.0,22.0,26.0,39.0,0.0,-2.0,-39.0,-21.0,31.0,16.0,-0.0,6.0,31.0,-3.0,-27.0,-20.0,101.0,11.0,-0.0,-11.0,9.0,1.0,-9.0,-264.0
0.0,9.0,-10.0,7.0,3.0,-6.0,4.0,-4.0,7.0,-21.0,55.0,-19.0,282.0,15.0,4.0,-6.0,-5.0,11.0,-11.0,9.0,-21.0,8.0,-24.0,31.0,131.0,145.0,320.0,-57.0,8.0,-0.0,70.0,46.0,0.0,3.0,-22.0,-65.0,7.0,31.0,14.0,27.0,9.0,27.0,-90.0,19.0,-16.0,-32.0,17.0,5.0,1.0,-1.0,8.0,-30.0,0.0,16.0,25.0,-21.0,128.0,2.0,-44.0,131.0,22.0,0.0,20.0,18.0,-1.0,-0.0,24.0,-13.0,9.0,-42.0,3.0,-77.0,24.0,44.0,163.0,342.0,-73.0,18.0,-2.0,66.0,14.0,0.0,20.0,-34.0
0.0,-0.0,-0.0,14.0,4.0,7.0,7.0,12.0,-2.0,16.0,10.0,34.0,27.0,4.0,-4.0,3.0,-6.0,4.0,1.0,12.0,1.0,1.0,-4.0,-20.0,7.0,-19.0,-27.0,-37.0,6.0,-1.0,9.0,18.0,0.0,0.0,-32.0,-20.0,-4.0,-3.0,-4.0,13.0,1.0,7.0,-37.0,-37.0,-383.0,-29.0,166.0,64.0,-9.0,362.0,0.0,20.0,2.0,21.0,82.0,2121.0,3321.0,0.0,377.0,289.0,26.0,20.0,0.0,78.0,3.0,18.0,198.0,507.0,6.0,262.0,0.0,240.0,14.0,2.0,172.0,129.0,366.0,1000.0,1325.0,16.0,147.0,105.0,634.0,-74.0
-0.0,1.0,-0.0,-7.0,3.0,20.0,5.0,21.0,2.0,-19.0,9.0,19.0,17.0,11.0,8.0,-2.0,-0.0,3.0,-5.0,4.0,-3.0,2.0,-3.0,7.0,1.0,-14.0,20.0,-26.0,4.0,-1.0,0.0,27.0,0.0,0.0,29.0,-15.0,-1.0,2.0,0.0,25.0,1.0,5.0,-34.0,-12.0,-22.0,6.0,61.0,6.0,6.0,-3.0,0.0,-5.0,1.0,11.0,62.0,28.0,224.0,3.0,-60.0,56.0,39.0,18.0,78.0,0.0,-0.0,-0.0,35.0,-23.0,10.0,-15.0,0.0,-24.0,4.0,0.0,-38.0,11.0,-52.0,20.0,-12.0,5.0,18.0,0.0,32.0,-100.0
0.0,0.0,-0.0,1.0,-0.0,1.0,-0.0,-0.0,-1.0,1.0,-0.0,1.0,-2.0,-0.0,-0.0,11.0,-3.0,-0.0,-0.0,0.0,9.0,5.0,12.0,-21.0,-1.0,-4.0,-32.0,14.0,2.0,0.0,-0.0,-1.0,0.0,0.0,-1.0,-5.0,-0.0,-2.0,-0.0,-0.0,0.0,-0.0,-9.0,-0.0,-1.0,-0.0,-0.0,-0.0,-0.0,0.0,1.0,-3.0,0.0,-0.0,0.0,-1.0,2.0,-1.0,2.0,-2.0,0.0,-1.0,3.0,-0.0,0.0,0.0,-0.0,-0.0,1.0,10.0,1.0,12.0,-6.0,-0.0,-4.0,-33.0,36.0,0.0,1.0,-0.0,0.0,0.0,0.0,-0.0
0.0,0.0,-1.0,-0.0,-0.0,-0.0,-0.0,0.0,-0.0,-0.0,-0.0,-0.0,-2.0,-0.0,-0.0,-0.0,4.0,0.0,0.0,-0.0,0.0,0.0,0.0,-0.0,-0.0,4.0,-6.0,1.0,0.0,0.0,-0.0,-0.0,0.0,0.0,-0.0,1.0,-0.0,0.0,0.0,-0.0,-0.0,-0.0,2.0,-4.0,2.0,1.0,-0.0,0.0,-0.0,0.0,0.0,101.0,-0.0,0.0,-3.0,11.0,-14.0,-0.0,-4.0,9.0,-2.0,-0.0,18.0,-0.0,0.0,0.0,19.0,275.0,-0.0,11.0,0.0,133.0,-0.0,-0.0,188.0,60.0,0.0,45.0,1.0,-0.0,-1.0,0.0,22.0,-1.0
0.0,0.0,0.0,-12.0,3.0,-10.0,1.0,9.0,-3.0,-17.0,18.0,-42.0,5.0,10.0,-2.0,-2.0,3.0,12.0,4.0,-16.0,-4.0,0.0,-4.0,-8.0,2.0,43.0,5.0,-31.0,3.0,0.0,4.0,22.0,0.0,1.0,20.0,32.0,-0.0,5.0,0.0,8.0,0.0,0.0,120.0,26.0,122.0,16.0,18.0,26.0,4.0,13.0,0.0,3.0,-1.0,6.0,-40.0,76.0,236.0,3.0,-119.0,267.0,-39.0,24.0,198.0,35.0,-0.0,19.0,0.0,318.0,-5.0,-27.0,0.0,-35.0,-13.0,1.0,434.0,27.0,-127.0,119.0,44.0,38.0,15.0,3.0,146.0,38.0
0.0,0.0,-8.0,-3.0,3.0,-5.0,-0.0,5.0,-1.0,-17.0,9.0,-19.0,-15.0,-4.0,-3.0,-1.0,29.0,14.0,7.0,-7.0,-5.0,0.0,-15.0,-17.0,-5.0,94.0,-62.0,-21.0,6.0,1.0,-4.0,16.0,0.0,2.0,23.0,51.0,-4.0,4.0,4.0,-6.0,-0.0,1.0,117.0,-138.0,77.0,7.0,-52.0,9.0,4.0,9.0,1.0,76.0,-0.0,4.0,-77.0,124.0,317.0,-2.0,-144.0,96.0,-21.0,-13.0,507.0,-23.0,-0.0,275.0,318.0,0.0,-5.0,-62.0,0.0,132.0,-8.0,4.0,992.0,292.0,-124.0,180.0,151.0,-6.0,-10.0,5.0,126.0,-72.0
0.0,-0.0,-3.0,57.0,-8.0,27.0,7.0,-36.0,13.0,87.0,-14.0,77.0,8.0,38.0,6.0,0.0,2.0,-12.0,-3.0,108.0,4.0,-2.0,7.0,54.0,-3.0,-10.0,20.0,96.0,19.0,-2.0,0.0,-22.0,0.0,-3.0,-58.0,-13.0,-5.0,-9.0,-1.0,-19.0,2.0,-0.0,-2.0,-3.0,-1.0,-0.0,-4.0,-1.0,-1.0,0.0,-0.0,-0.0,9.0,-3.0,19.0,12.0,64.0,10.0,164.0,-4.0,31.0,9.0,6.0,10.0,1.0,-0.0,-5.0,-5.0,0.0,12.0,-0.0,4.0,36.0,-1.0,-10.0,18.0,95.0,2.0,-0.0,-2.0,4.0,0.0,-4.0,-52.0
0.0,2.0,-5.0,10.0,-5.0,10.0,-2.0,-8.0,-24.0,27.0,-12.0,23.0,-29.0,-21.0,-9.0,20.0,11.0,-11.0,-17.0,14.0,30.0,15.0,32.0,-165.0,-4.0,-54.0,-80.0,98.0,6.0,0.0,-5.0,-33.0,0.0,2.0,-43.0,-68.0,-11.0,-9.0,-2.0,-37.0,4.0,-2.0,-144.0,-17.0,-29.0,-26.0,-57.0,6.0,-8.0,19.0,-0.0,-60.0,1.0,-13.0,39.0,-546.0,308.0,-4.0,51.0,-37.0,16.0,-42.0,262.0,-15.0,10.0,11.0,-27.0,-62.0,12.0,0.0,-2.0,973.0,-56.0,-2.0,-88.0,-179.0,500.0,297.0,651.0,-8.0,30.0,9.0,61.0,-61.0
-0.0,0.0,-0.0,1.0,-0.0,-0.0,0.0,-0.0,3.0,-1.0,0.0,-0.0,0.0,-0.0,0.0,2.0,-0.0,-0.0,-0.0,-0.0,-0.0,13.0,-1.0,7.0,0.0,2.0,7.0,-2.0,0.0,0.0,0.0,-1.0,0.0,0.0,-0.0,1.0,-0.0,3.0,0.0,-0.0,-0.0,1.0,2.0,-0.0,0.0,2.0,0.0,0.0,0.0,0.0,0.0,0.0,1.0,0.0,-0.0,0.0,-1.0,0.0,-0.0,0.0,-0.0,3.0,0.0,0.0,1.0,0.0,0.0,0.0,-0.0,-2.0,0.0,-0.0,3.0,1.0,2.0,15.0,-5.0,0.0,0.0,0.0,0.0,0.0,0.0,-0.0
0.0,0.0,-10.0,5.0,-0.0,2.0,-0.0,-1.0,-9.0,8.0,-5.0,20.0,-29.0,-4.0,-3.0,20.0,13.0,-6.0,-7.0,8.0,28.0,9.0,35.0,-55.0,-6.0,-29.0,-54.0,35.0,3.0,0.0,-4.0,-25.0,0.0,1.0,-16.0,-42.0,-1.0,-6.0,-0.0,-20.0,2.0,-0.0,-241.0,-51.0,25.0,-15.0,-43.0,-10.0,-16.0,2.0,0.0,-416.0,0.0,-7.0,51.0,-389.0,542.0,-1.0,17.0,-63.0,6.0,-77.0,240.0,-24.0,12.0,133.0,-35.0,132.0,4.0,973.0,-0.0,0.0,-28.0,-2.0,-415.0,-365.0,369.0,267.0,332.0,-15.0,13.0,45.0,22.0,-33.0
-0.0,4.0,1.0,34.0,-2.0,-13.0,2.0,-24.0,77.0,-37.0,-8.0,-47.0,32.0,19.0,6.0,-21.0,-2.0,-15.0,-5.0,56.0,-13.0,47.0,-20.0,292.0,13.0,-32.0,97.0,139.0,-4.0,-0.0,8.0,-21.0,-0.0,-1.0,-49.0,-19.0,-5.0,-3.0,-1.0,8.0,-0.0,5.0,10.0,-2.0,-3.0,-5.0,4.0,-0.0,2.0,-0.0,3.0,1.0,13.0,7.0,-13.0,92.0,-68.0,39.0,-173.0,-7.0,31.0,24.0,14.0,4.0,-6.0,-0.0,-13.0,-8.0,36.0,-56.0,3.0,-28.0,0.0,8.0,35.0,172.0,429.0,-2.0,4.0,16.0,2.0,-0.0,-2.0,-77.0
-0.0,4.0,-3.0,-0.0,-0.0,-0.0,1.0,-0.0,0.0,-4.0,4.0,-3.0,60.0,1.0,0.0,-5.0,-2.0,2.0,-0.0,-2.0,-2.0,3.0,-2.0,3.0,26.0,26.0,82.0,-3.0,0.0,-0.0,8.0,7.0,0.0,1.0,0.0,-3.0,1.0,1.0,6.0,3.0,1.0,9.0,-8.0,10.0,3.0,7.0,2.0,1.0,3.0,0.0,1.0,-0.0,0.0,1.0,-3.0,-3.0,12.0,0.0,-8.0,7.0,-3.0,44.0,2.0,0.0,-0.0,-0.0,1.0,4.0,-1.0,-2.0,1.0,-2.0,8.0,0.0,33.0,95.0,-16.0,0.0,-0.0,10.0,1.0,0.0,1.0,-2.0
-0.0,10.0,-159.0,-19.0,-2.0,-9.0,-5.0,-12.0,-10.0,-48.0,40.0,-64.0,-137.0,-43.0,-5.0,-9.0,-770.0,33.0,-214.0,-14.0,-41.0,17.0,-122.0,51.0,64.0,2523.0,-721.0,-70.0,-65.0,1.0,-130.0,-44.0,-0.0,26.0,30.0,-159.0,-47.0,65.0,21.0,-31.0,-2.0,16.0,371.0,139.0,54.0,49.0,-34.0,-9.0,25.0,-4.0,15.0,598.0,-0.0,11.0,-130.0,101.0,-290.0,3.0,-170.0,600.0,-27.0,163.0,172.0,-38.0,-4.0,188.0,434.0,992.0,-10.0,-88.0,2.0,-415.0,35.0,33.0,0.0,1850.0,-166.0,-95.0,12.0,154.0,-25.0,-1.0,58.0,-58.0
2.0,93.0,92.0,-26.0,-3.0,-6.0,5.0,-25.0,30.0,-69.0,62.0,-43.0,373.0,33.0,2.0,-78.0,-316.0,23.0,-63.0,30.0,-87.0,160.0,-268.0,278.0,226.0,1676.0,1947.0,-180.0,53.0,-3.0,199.0,56.0,0.0,15.0,29.0,112.0,71.0,122.0,32.0,29.0,8.0,89.0,209.0,38.0,22.0,43.0,27.0,9.0,11.0,0.0,73.0,430.0,9.0,5.0,-42.0,17.0,-119.0,7.0,-62.0,271.0,-20.0,342.0,129.0,11.0,-33.0,60.0,27.0,292.0,18.0,-179.0,15.0,-365.0,172.0,95.0,1850.0,0.0,-296.0,132.0,12.0,128.0,13.0,1.0,31.0,-61.0
-0.0,-9.0,-6.0,143.0,-8.0,62.0,-16.0,74.0,-93.0,294.0,-125.0,171.0,-103.0,-57.0,-58.0,114.0,-17.0,-104.0,-29.0,149.0,92.0,105.0,75.0,604.0,-27.0,-170.0,-220.0,1119.0,-23.0,1.0,-19.0,-104.0,-0.0,-2.0,-191.0,-129.0,-21.0,-32.0,-10.0,-97.0,-8.0,-15.0,-128.0,-61.0,-44.0,-39.0,-154.0,-12.0,-21.0,-4.0,-12.0,22.0,55.0,-87.0,98.0,1677.0,591.0,-30.0,857.0,-72.0,101.0,-73.0,366.0,-52.0,36.0,0.0,-127.0,-124.0,95.0,500.0,-5.0,369.0,429.0,-16.0,-166.0,-296.0,0.0,-122.0,364.0,-41.0,-94.0,-10.0,37.0,-307.0
0.0,0.0,-1.0,3.0,5.0,8.0,-0.0,4.0,-0.0,8.0,2.0,8.0,11.0,3.0,-3.0,1.0,4.0,1.0,0.0,4.0,2.0,2.0,2.0,-3.0,1.0,-10.0,-8.0,-7.0,2.0,0.0,-3.0,11.0,0.0,0.0,-18.0,-6.0,-1.0,4.0,-0.0,7.0,0.0,0.0,-20.0,-4.0,199.0,-19.0,139.0,11.0,-2.0,65.0,0.0,-30.0,0.0,5.0,18.0,-366.0,545.0,-2.0,46.0,166.0,11.0,18.0,1000.0,20.0,0.0,45.0,119.0,180.0,2.0,297.0,0.0,267.0,-2.0,0.0,-95.0,132.0,-122.0,0.0,1075.0,-2.0,84.0,100.0,470.0,-32.0
0.0,0.0,-1.0,-1.0,-0.0,-2.0,-0.0,0.0,-1.0,-2.0,-1.0,-2.0,-2.0,-3.0,-0.0,0.0,0.0,-1.0,-0.0,-0.0,0.0,0.0,1.0,3.0,-0.0,-0.0,-4.0,-3.0,0.0,0.0,-1.0,-1.0,0.0,1.0,-14.0,-6.0,-0.0,1.0,0.0,-1.0,-0.0,-0.0,-18.0,-5.0,97.0,19.0,-47.0,2.0,-1.0,142.0,0.0,13.0,-0.0,3.0,-16.0,2193.0,360.0,-0.0,-46.0,31.0,-0.0,-2.0,1325.0,-12.0,1.0,1.0,44.0,151.0,-0.0,651.0,0.0,332.0,4.0,-0.0,12.0,12.0,364.0,1075.0,0.0,-0.0,38.0,28.0,177.0,-8.0
0.0,-4.0,-12.0,-6.0,1.0,-2.0,9.0,-5.0,3.0,-18.0,40.0,-24.0,89.0,14.0,3.0,-0.0,-8.0,22.0,-10.0,-13.0,-19.0,-3.0,-11.0,18.0,72.0,143.0,79.0,-50.0,19.0,-4.0,70.0,23.0,-0.0,-7.0,19.0,-44.0,-12.0,-19.0,36.0,26.0,7.0,11.0,-66.0,6.0,-5.0,17.0,3.0,3.0,2.0,-0.0,-0.0,4.0,-0.0,0.0,11.0,38.0,28.0,1.0,-39.0,97.0,-11.0,66.0,16.0,5.0,-0.0,-0.0,38.0,-6.0,-2.0,-8.0,0.0,-15.0,16.0,10.0,154.0,128.0,-41.0,-2.0,-0.0,0.0,4.0,-0.0,-5.0,-12.0
0.0,1.0,-1.0,3.0,4.0,2.0,-0.0,-2.0,0.0,1.0,5.0,8.0,9.0,0.0,3.0,0.0,-2.0,3.0,2.0,2.0,0.0,0.0,3.0,6.0,2.0,-5.0,6.0,-4.0,2.0,-0.0,5.0,19.0,0.0,0.0,-7.0,-9.0,-1.0,-4.0,2.0,7.0,0.0,1.0,-6.0,-2.0,-48.0,-3.0,27.0,38.0,6.0,8.0,0.0,-1.0,1.0,5.0,17.0,-41.0,198.0,0.0,39.0,81.0,9.0,14.0,147.0,18.0,0.0,-1.0,15.0,-10.0,4.0,30.0,0.0,13.0,2.0,1.0,-25.0,13.0,-94.0,84.0,38.0,4.0,0.0,3.0,111.0,-23.0
0.0,0.0,-0.0,0.0,-0.0,0.0,-0.0,0.0,-0.0,0.0,0.0,0.0,0.0,0.0,0.0,0.0,0.0,0.0,0.0,0.0,0.0,0.0,0.0,-0.0,0.0,-0.0,0.0,-0.0,0.0,0.0,-0.0,-1.0,0.0,0.0,-0.0,-0.0,-0.0,0.0,0.0,0.0,0.0,-0.0,-0.0,-0.0,30.0,2.0,10.0,1.0,-0.0,18.0,0.0,-0.0,0.0,0.0,0.0,-8.0,71.0,-0.0,1.0,15.0,1.0,0.0,105.0,0.0,0.0,0.0,3.0,5.0,0.0,9.0,0.0,45.0,-0.0,0.0,-1.0,1.0,-10.0,100.0,28.0,-0.0,3.0,0.0,30.0,-0.0
0.0,0.0,-1.0,-3.0,0.0,-0.0,-1.0,1.0,-2.0,10.0,3.0,-6.0,-10.0,-3.0,-0.0,0.0,2.0,2.0,4.0,-2.0,0.0,0.0,1.0,-3.0,2.0,-6.0,-9.0,-3.0,0.0,0.0,-5.0,6.0,0.0,1.0,-7.0,-4.0,-0.0,3.0,1.0,2.0,2.0,-4.0,-15.0,-10.0,359.0,15.0,69.0,16.0,1.0,24.0,0.0,-6.0,-0.0,18.0,-26.0,-130.0,488.0,-0.0,-46.0,305.0,-9.0,20.0,634.0,32.0,0.0,22.0,146.0,126.0,-4.0,61.0,0.0,22.0,-2.0,1.0,58.0,31.0,37.0,470.0,177.0,-5.0,111.0,30.0,0.0,-14.0
-0.0,-0.0,2.0,-39.0,4.0,-89.0,8.0,83.0,26.0,-149.0,31.0,-214.0,-39.0,40.0,58.0,-5.0,4.0,35.0,27.0,-106.0,-16.0,-3.0,-34.0,-103.0,-9.0,110.0,68.0,-184.0,-15.0,-2.0,11.0,97.0,-0.0,-4.0,327.0,83.0,9.0,17.0,7.0,95.0,-2.0,9.0,31.0,15.0,7.0,7.0,53.0,-5.0,7.0,-0.0,-0.0,-7.0,-12.0,-15.0,-425.0,-191.0,-1230.0,33.0,-1067.0,-30.0,-264.0,-34.0,-74.0,-100.0,-0.0,-1.0,38.0,-72.0,-52.0,-61.0,-0.0,-33.0,-77.0,-2.0,-58.0,-61.0,-307.0,-32.0,-8.0,-12.0,-23.0,-0.0,-14.0,0.0
